{
  "probe_analysis": {
    "layer_results": {
      "0": {
        "linear_accuracy": 0.574999988079071,
        "mlp_accuracy": 0.9300000071525574,
        "control_accuracy": 0.6150000095367432
      },
      "1": {
        "linear_accuracy": 0.7649999856948853,
        "mlp_accuracy": 0.9249999523162842,
        "control_accuracy": 0.6150000095367432
      },
      "2": {
        "linear_accuracy": 0.824999988079071,
        "mlp_accuracy": 0.9350000023841858,
        "control_accuracy": 0.6150000095367432
      },
      "3": {
        "linear_accuracy": 0.9199999570846558,
        "mlp_accuracy": 0.9350000023841858,
        "control_accuracy": 0.6150000095367432
      },
      "4": {
        "linear_accuracy": 0.9099999666213989,
        "mlp_accuracy": 0.9449999928474426,
        "control_accuracy": 0.6150000095367432
      },
      "5": {
        "linear_accuracy": 0.9350000023841858,
        "mlp_accuracy": 0.9149999618530273,
        "control_accuracy": 0.6200000047683716
      },
      "6": {
        "linear_accuracy": 0.9350000023841858,
        "mlp_accuracy": 0.9300000071525574,
        "control_accuracy": 0.6049999594688416
      },
      "7": {
        "linear_accuracy": 0.9350000023841858,
        "mlp_accuracy": 0.9449999928474426,
        "control_accuracy": 0.5949999690055847
      },
      "8": {
        "linear_accuracy": 0.9350000023841858,
        "mlp_accuracy": 0.9199999570846558,
        "control_accuracy": 0.5899999737739563
      },
      "9": {
        "linear_accuracy": 0.9350000023841858,
        "mlp_accuracy": 0.9149999618530273,
        "control_accuracy": 0.5899999737739563
      },
      "10": {
        "linear_accuracy": 0.9350000023841858,
        "mlp_accuracy": 0.9199999570846558,
        "control_accuracy": 0.6100000143051147
      },
      "11": {
        "linear_accuracy": 0.9350000023841858,
        "mlp_accuracy": 0.9099999666213989,
        "control_accuracy": 0.5999999642372131
      },
      "12": {
        "linear_accuracy": 0.9350000023841858,
        "mlp_accuracy": 0.9099999666213989,
        "control_accuracy": 0.5999999642372131
      },
      "13": {
        "linear_accuracy": 0.9350000023841858,
        "mlp_accuracy": 0.8999999761581421,
        "control_accuracy": 0.6049999594688416
      },
      "14": {
        "linear_accuracy": 0.9350000023841858,
        "mlp_accuracy": 0.9099999666213989,
        "control_accuracy": 0.6100000143051147
      },
      "15": {
        "linear_accuracy": 0.9350000023841858,
        "mlp_accuracy": 0.9049999713897705,
        "control_accuracy": 0.6049999594688416
      },
      "16": {
        "linear_accuracy": 0.9350000023841858,
        "mlp_accuracy": 0.9099999666213989,
        "control_accuracy": 0.6049999594688416
      },
      "17": {
        "linear_accuracy": 0.9350000023841858,
        "mlp_accuracy": 0.9149999618530273,
        "control_accuracy": 0.5949999690055847
      },
      "18": {
        "linear_accuracy": 0.9350000023841858,
        "mlp_accuracy": 0.9099999666213989,
        "control_accuracy": 0.5899999737739563
      },
      "19": {
        "linear_accuracy": 0.9350000023841858,
        "mlp_accuracy": 0.9099999666213989,
        "control_accuracy": 0.5999999642372131
      },
      "20": {
        "linear_accuracy": 0.9350000023841858,
        "mlp_accuracy": 0.9199999570846558,
        "control_accuracy": 0.5949999690055847
      },
      "21": {
        "linear_accuracy": 0.9350000023841858,
        "mlp_accuracy": 0.9049999713897705,
        "control_accuracy": 0.6049999594688416
      },
      "22": {
        "linear_accuracy": 0.9350000023841858,
        "mlp_accuracy": 0.8999999761581421,
        "control_accuracy": 0.6150000095367432
      },
      "23": {
        "linear_accuracy": 0.9350000023841858,
        "mlp_accuracy": 0.9099999666213989,
        "control_accuracy": 0.5949999690055847
      },
      "24": {
        "linear_accuracy": 0.9399999976158142,
        "mlp_accuracy": 0.9099999666213989,
        "control_accuracy": 0.6100000143051147
      },
      "25": {
        "linear_accuracy": 0.9399999976158142,
        "mlp_accuracy": 0.9049999713897705,
        "control_accuracy": 0.5999999642372131
      },
      "26": {
        "linear_accuracy": 0.9399999976158142,
        "mlp_accuracy": 0.9149999618530273,
        "control_accuracy": 0.5949999690055847
      },
      "27": {
        "linear_accuracy": 0.9350000023841858,
        "mlp_accuracy": 0.9099999666213989,
        "control_accuracy": 0.5849999785423279
      },
      "28": {
        "linear_accuracy": 0.9350000023841858,
        "mlp_accuracy": 0.9099999666213989,
        "control_accuracy": 0.5949999690055847
      },
      "29": {
        "linear_accuracy": 0.9350000023841858,
        "mlp_accuracy": 0.8849999904632568,
        "control_accuracy": 0.6100000143051147
      },
      "30": {
        "linear_accuracy": 0.9399999976158142,
        "mlp_accuracy": 0.9149999618530273,
        "control_accuracy": 0.5899999737739563
      },
      "31": {
        "linear_accuracy": 0.9399999976158142,
        "mlp_accuracy": 0.9199999570846558,
        "control_accuracy": 0.5949999690055847
      },
      "32": {
        "linear_accuracy": 0.9350000023841858,
        "mlp_accuracy": 0.9149999618530273,
        "control_accuracy": 0.5649999976158142
      }
    },
    "best_layers": [
      [
        24,
        {
          "linear_accuracy": 0.9399999976158142,
          "mlp_accuracy": 0.9099999666213989,
          "control_accuracy": 0.6100000143051147
        }
      ],
      [
        25,
        {
          "linear_accuracy": 0.9399999976158142,
          "mlp_accuracy": 0.9049999713897705,
          "control_accuracy": 0.5999999642372131
        }
      ],
      [
        26,
        {
          "linear_accuracy": 0.9399999976158142,
          "mlp_accuracy": 0.9149999618530273,
          "control_accuracy": 0.5949999690055847
        }
      ],
      [
        30,
        {
          "linear_accuracy": 0.9399999976158142,
          "mlp_accuracy": 0.9149999618530273,
          "control_accuracy": 0.5899999737739563
        }
      ],
      [
        31,
        {
          "linear_accuracy": 0.9399999976158142,
          "mlp_accuracy": 0.9199999570846558,
          "control_accuracy": 0.5949999690055847
        }
      ]
    ]
  }
}